"","quoll1","quoll2","period","prox","cr","cs.Do","cs.De","cs.Cs","cs.p.Attract","cs.p.Avoid","ca"
"1","Dawn","Delta","Baseline",0,0.135997221565483,662.892267100021,662.076367531131,-0.00061578783645508,0.552820849448938,0.450681903633293,0
"2","Dawn","Ebony","Baseline",0.0169491525423729,-0.0941484630525712,465.390302439863,463.01363204246,-0.00255995295703753,0.0552001018289595,0.945636900145496,0.00606060606060606
"3","Dawn","Eevee","Baseline",0,-0.247079217119469,1283.87347383334,1274.34875082796,-0.00372318046241441,0.83521519386203,0.167190308999231,0
"4","Dawn","Elektra","Baseline",0,0.121887312846142,941.769817836648,946.569537534909,0.00254176755073568,0.715559417786608,0.288665414894694,0
"5","Dawn","Fauna","Baseline",0,0.181765699843947,956.352336334169,962.855877665374,0.00338865855396247,0.758324220776558,0.249597519636154,0
"6","Dawn","Flora","Baseline",0,0.0273119729571604,1176.41699478491,1160.81558511616,-0.0066751635258356,0.700607967970427,0.305052172217984,0
"7","Delta","Dawn","Baseline",0,0.137160748595501,662.308938175493,662.836184102631,0.000397877876372513,0.702348081694416,0.300726170418661,0
"8","Delta","Ebony","Baseline",0.0169491525423729,0.181967239985733,578.894910234287,626.593136796398,0.0395675649207801,0.179550601025941,0.822420033062257,0.0051413881748072
"9","Delta","Eevee","Baseline",0.0273972602739726,-0.0856194164584696,760.131886140081,765.934108769122,0.00380207844771892,0.428019216407427,0.574137107623428,0.0108108108108108
"10","Delta","Elektra","Baseline",0.0158730158730159,-0.160555558117155,1103.48618293306,1104.3173498212,0.000376467777048611,0.677999507013269,0.324458969570116,0.00593471810089021
"11","Delta","Fauna","Baseline",0,0.166689144277896,1004.47185879508,1001.55239553118,-0.00145534793889177,0.464293252837479,0.540452575245922,0
"12","Delta","Flora","Baseline",0,-0.0610148580671411,1183.12567386741,1181.56270712271,-0.000660960977886486,0.712708847994335,0.29088417315247,0
"13","Ebony","Dawn","Baseline",0.0169491525423729,-0.0941484630525712,465.390302439863,463.01363204246,-0.00255995295703753,0.462415685659282,0.540581052543173,0.00606060606060606
"14","Ebony","Delta","Baseline",0.0169491525423729,0.181967239985733,578.894910234287,626.593136796398,0.0395675649207801,0.0038993654721053,0.996187165494978,0.0051413881748072
"15","Ebony","Eevee","Baseline",0,0.126173170886461,1185.89636339029,1195.08008313137,0.00385712330522595,0.498531575971336,0.504405192508834,0
"16","Ebony","Elektra","Baseline",0,0.155122441001426,1128.85101170891,1123.44073654093,-0.00240212005046789,0.754135194814026,0.249192622640457,0
"17","Ebony","Fauna","Baseline",0,-0.17652523602663,1015.91107013407,1015.16603007863,-0.000366820174061559,0.205866869539022,0.800526477396488,0
"18","Ebony","Flora","Baseline",0,0.00878562778840891,1419.42887758146,1405.91405104316,-0.00478342873049965,0.791261135368918,0.211440966588372,0
"19","Eevee","Dawn","Baseline",0,-0.247079217119469,1283.87347383334,1274.34875082796,-0.00372318046241441,0.74731881105523,0.255776014028668,0
"20","Eevee","Delta","Baseline",0.0273972602739726,-0.0856194164584696,760.131886140081,765.934108769122,0.00380207844771892,0.348147573394296,0.653882577164968,0.0108108108108108
"21","Eevee","Ebony","Baseline",0,0.126173170886461,1185.89636339029,1195.08008313137,0.00385712330522595,0.758982434861084,0.243317293959587,0
"22","Eevee","Elektra","Baseline",0,-0.12253847822931,1735.73372118627,1736.84182255302,0.000319100723021438,0.783163702147469,0.218951325714694,0
"23","Eevee","Fauna","Baseline",0.0204081632653061,-0.140177743091291,1303.30952152014,1310.54029529554,0.00276633099915693,0.437340440718829,0.566540976748154,0.00578034682080925
"24","Eevee","Flora","Baseline",0,-0.053591027474799,1712.36289209788,1709.19721926074,-0.000925213275264768,0.709437815275578,0.294983243567458,0
"25","Elektra","Dawn","Baseline",0,0.121887312846142,941.769817836648,946.569537534909,0.00254176755073568,0.534503978654584,0.470415567938971,0
"26","Elektra","Delta","Baseline",0.0161290322580645,-0.163037185220718,1097.19639820691,1098.04855630374,0.000388183603419286,0.413970420767929,0.588759201378113,0.00593471810089021
"27","Elektra","Ebony","Baseline",0,0.155122441001426,1128.85101170891,1123.44073654093,-0.00240212005046789,0.531329604456026,0.472840850972901,0
"28","Elektra","Eevee","Baseline",0,-0.122584042871001,1733.80251601209,1734.01664535944,6.17475529661201e-05,0.575070750110564,0.427678396825639,0
"29","Elektra","Fauna","Baseline",0,0.14197486979788,484.474640991359,504.918849575774,0.0206633748648332,0.307372213398566,0.696554626618394,0
"30","Elektra","Flora","Baseline",0.1,-0.0269073459121463,430.594141855749,439.949699037328,0.0107467961314633,0.321554112690886,0.681897211274517,0.0348432055749129
"31","Fauna","Dawn","Baseline",0,0.181765699843947,956.352336334169,962.855877665374,0.00338865855396247,0.430628001689911,0.579163551330566,0
"32","Fauna","Delta","Baseline",0,0.166689144277896,1004.47185879508,1001.55239553118,-0.00145534793889177,0.80746451757966,0.195847155057095,0
"33","Fauna","Ebony","Baseline",0,-0.17652523602663,1015.91107013407,1015.16603007863,-0.000366820174061559,0.45094982534647,0.557912118732929,0
"34","Fauna","Eevee","Baseline",0.0204081632653061,-0.140177743091291,1303.30952152014,1310.54029529554,0.00276633099915693,0.5,0.503932106640995,0.00578034682080925
"35","Fauna","Elektra","Baseline",0,0.14197486979788,484.474640991359,504.918849575774,0.0206633748648332,0.385662786926758,0.618607842442003,0
"36","Fauna","Flora","Baseline",0,-0.0486388722890096,389.296353872324,394.323654767551,0.00641548306551419,0.394562961300835,0.61252409266308,0
"37","Flora","Dawn","Baseline",0,0.0273119729571604,1176.41699478491,1160.81558511616,-0.0066751635258356,0.477433097345056,0.529004735144553,0
"38","Flora","Delta","Baseline",0,-0.0610148580671411,1183.12567386741,1181.56270712271,-0.000660960977886486,0.439596467870928,0.564534609974132,0
"39","Flora","Ebony","Baseline",0,-0.00555345172059294,1420.35165372308,1406.435476511,-0.00492296609929791,0.520557990378788,0.483177363515108,0
"40","Flora","Eevee","Baseline",0,-0.053591027474799,1712.36289209788,1709.19721926074,-0.000925213275264768,0.763960828076961,0.240027672431552,0
"41","Flora","Elektra","Baseline",0.1,-0.0269073459121463,430.594141855749,439.949699037328,0.0107467961314633,0.294397310158015,0.708921545983882,0.0348432055749129
"42","Flora","Fauna","Baseline",0,-0.0486388722890096,389.296353872324,394.323654767551,0.00641548306551419,0.268031225772575,0.7380410307087,0
"43","Dawn","Delta","Release",0,-0.506227909829118,427.47403453081,433.597543072653,0.00711149769788662,0.6875,0.4375,0
"44","Dawn","Ebony","Release",0,0.144281461684358,1137.10804662591,1143.95029775417,0.00299959496657107,0.419677734375,0.6065673828125,0
"45","Dawn","Eevee","Release",0,-0.640612076971684,793.443189302567,811.974570603379,0.0115430274683754,0.40625,0.6875,0
"46","Dawn","Elektra","Release",0,-0.231416693586101,975.85246214861,995.930235169395,0.0101825485374703,0.3125,0.8125,0
"47","Dawn","Flora","Release",0,-0.0827837602656879,1130.56608380905,1129.43247119727,-0.00050159882149606,0.84375,0.21875,0
"48","Dawn","Indianna","Release",0,NA,1112.13832775286,1115.70789001725,0.00160224805281592,0.5,0.75,0
"49","Dawn","Juniper","Release",0,0.0977716888765351,1310.04230758719,1340.96381199654,0.0116640637608986,0.5,0.578125,0
"50","Dawn","Luaner","Release",0,0.0797543449037573,718.032077615093,747.835395306885,0.0203315226255641,0.4375,0.6875,0
"51","Dawn","Myrtle","Release",0,NA,911.176352398183,913.4778924377,0.00126135680007915,0.5,0.75,0
"52","Delta","Dawn","Release",0,-0.506227909829118,427.47403453081,433.597543072653,0.00711149769788662,0.3125,0.8125,0
"53","Delta","Ebony","Release",0,0.371703995090776,816.253334635754,914.577887685257,0.0568077070609184,0.0331199169158936,0.968593027442694,0
"54","Delta","Eevee","Release",0,-0.520217907516037,414.052005793325,393.312262940074,-0.0256882099647382,0.38232421875,0.64990234375,0
"55","Delta","Elektra","Release",0.0555555555555556,-0.450353254078586,1092.61489640953,1093.14372319979,0.000241941990082954,0.940647125244141,0.0648689270019531,0.0246913580246914
"56","Delta","Flora","Release",0,0.0519970305221913,1196.62676446491,1196.60327187759,-9.8162679567872e-06,0.455078125,0.58984375,0
"57","Delta","Indianna","Release",0,-0.360969495490261,1229.1475823952,1193.29811833324,-0.0147988720866598,0.7109375,0.34375,0
"58","Delta","Juniper","Release",0,-0.374787136845527,1239.10414248585,1117.0640619233,-0.0517959967094762,0.9033203125,0.1162109375,0
"59","Delta","Korra","Release",0,NA,1344.48436533393,1318.13629154604,-0.00989554171744517,0.75,0.5,0
"60","Delta","Luaner","Release",0,-0.148449989669749,844.837903043294,852.038599917295,0.00424350084489776,0.68115234375,0.35009765625,0
"61","Delta","Myrtle","Release",0,0.0768799495304459,1239.12202157756,1237.87897673524,-0.000501834614990446,0.765625,0.2890625,0
"62","Ebony","Dawn","Release",0,0.144281461684358,1137.10804662591,1143.95029775417,0.00299959496657117,0.3424072265625,0.6822509765625,0
"63","Ebony","Delta","Release",0,0.371703995090776,816.253334635754,914.577887685257,0.0568077070609184,0.000437572598457337,0.999603927135468,0
"64","Ebony","Eevee","Release",0.0196078431372549,-0.0128386247349606,930.1119281606,927.156742956896,-0.00159114577748493,0.216906208118633,0.785836556463366,0.0068259385665529
"65","Ebony","Elektra","Release",0,0.0146601359323753,1562.56855707631,1570.23159263414,0.00244606588088217,0.669097702950239,0.33908948302269,0
"66","Ebony","Flora","Release",0,0.288939531620295,1950.52003262139,1947.07296882125,-0.000884408351222238,0.335262298583984,0.680152893066406,0
"67","Ebony","Indianna","Release",0,-0.006224234372526,1400.55122853707,1402.86559103346,0.000825550621026876,0.741109488003291,0.262024515847614,0
"68","Ebony","Juniper","Release",0,0.242910280734199,1265.03338085627,1406.39273573616,0.0529153151576586,0.339475505053997,0.669159770011902,0
"69","Ebony","Korra","Release",0,-0.108833760369915,1163.72990912769,1161.55981852083,-0.000933256007222548,0.335262298583984,0.680152893066406,0
"70","Ebony","Luaner","Release",0,0.0441222573438672,1449.27105868189,1440.78287635349,-0.00293703249808016,0.416703660808935,0.58811952770111,0
"71","Ebony","Myrtle","Release",0,0.0965440288912593,1738.77943395804,1715.90318370544,-0.00662180952184476,0.999319982679929,0.000700631246638511,0
"72","Ebony","Nova","Release",0.25,-0.00414367147188811,749.564071180964,876.409657616261,0.0780120762031793,0.2734375,0.76953125,0.0174672489082969
"73","Ebony","Olive","Release",0,0.27941122674707,710.626030261126,804.658987267763,0.0620562837478489,0.106071472167969,0.901805877685547,0
"74","Ebony","Pandora","Release",0,-0.123645448304438,1175.91625102734,1186.47892652963,0.00447117214030412,0.64013671875,0.380767822265625,0
"75","Eevee","Dawn","Release",0,-0.640612076971684,793.443189302567,811.974570603379,0.0115430274683754,0.59375,0.5,0
"76","Eevee","Delta","Release",0,-0.520217907516037,414.052005793325,393.312262940074,-0.0256882099647382,0.48291015625,0.55078125,0
"77","Eevee","Ebony","Release",0.0192307692307692,-0.0105347168247129,940.600247813042,934.65427096485,-0.00317075724316434,0.768253352045535,0.234532904809425,0.0068259385665529
"78","Eevee","Elektra","Release",0,0.091754962562731,957.819493452331,964.731125189672,0.00359503238579098,0.68115234375,0.35009765625,0
"79","Eevee","Flora","Release",0,0.181759780151126,1216.06254079083,1217.59810277336,0.000630967997361343,0.51708984375,0.51708984375,0
"80","Eevee","Indianna","Release",0,0.158712107715066,1089.59487502887,1113.0346845451,0.0106417392858197,0.5,0.510542362928391,0
"81","Eevee","Juniper","Release",0,0.274290387731655,1117.99755472328,1155.5169911265,0.0165028354323522,0.3934326171875,0.63232421875,0
"82","Eevee","Korra","Release",0,0.193779955214918,1386.13859811584,1403.74989199856,0.00631254401210881,0.384765625,0.65234375,0
"83","Eevee","Luaner","Release",0.368421052631579,0.0911974097193629,503.725823176647,514.807478333129,0.0108800126024894,0.325374603271484,0.688718795776367,0.0869565217391304
"84","Eevee","Myrtle","Release",0,0.143441689185662,937.812077105682,950.091622766378,0.0065043284048486,0.652649093419313,0.355683200061321,0
"85","Eevee","Nova","Release",0,-0.478886186242373,583.643969180179,683.182440787159,0.078573094801162,0.21875,0.84375,0
"86","Eevee","Olive","Release",0,-0.362230890787882,885.75754991571,737.67247438104,-0.0912174059358168,0.96075439453125,0.0452880859375,0
"87","Eevee","Pandora","Release",0,-0.158811547403258,897.46429957669,936.790734986311,0.0214400040717299,0.28125,0.78125,0
"88","Elektra","Dawn","Release",0,-0.231416693586101,975.85246214861,995.930235169395,0.0101825485374703,0.3125,0.8125,0
"89","Elektra","Delta","Release",0.0555555555555556,-0.450353254078586,1092.61489640953,1093.14372319979,0.000241941990083058,0.289920806884766,0.724563598632812,0.0246913580246914
"90","Elektra","Ebony","Release",0,0.0146601359323753,1562.56855707631,1570.23159263414,0.00244606588088217,0.669097702950239,0.33908948302269,0
"91","Elektra","Eevee","Release",0,0.091754962562731,957.819493452331,964.731125189672,0.00359503238579098,0.48291015625,0.55078125,0
"92","Elektra","Flora","Release",0.222222222222222,0.0144081249440009,185.564387715483,214.002862906113,0.0711731883591296,0.41015625,0.6328125,0.0571428571428571
"93","Elektra","Indianna","Release",0,0.311292362178862,2080.1183794246,2094.1424737055,0.00335965929641921,0.40625,0.6875,0
"94","Elektra","Juniper","Release",0,0.413404744831418,1174.84456510219,1105.79883886495,-0.0302746699098739,0.65625,0.40625,0
"95","Elektra","Korra","Release",0,NA,611.259662795185,611.259662795185,0,1,1,0
"96","Elektra","Luaner","Release",0,-0.223400130008513,1575.5661519542,1562.22095664007,-0.00425305951368776,0.890625,0.1484375,0
"97","Elektra","Myrtle","Release",0,0.0766313080941122,1870.49339868162,1867.44607537833,-0.000815241478477835,0.52734375,0.52734375,0
"98","Flora","Dawn","Release",0,-0.0827837602656879,1130.56608380905,1129.43247119727,-0.00050159882149606,0.5,0.59375,0
"99","Flora","Delta","Release",0,0.0519970305221913,1196.62676446491,1196.60327187759,-9.81626795669219e-06,0.6328125,0.41015625,0
"100","Flora","Ebony","Release",0,0.288939531620295,1950.52003262139,1947.07296882125,-0.000884408351222121,0.929241180419922,0.0770225524902344,0
"101","Flora","Eevee","Release",0,0.181759780151126,1216.06254079083,1217.59810277336,0.000630967997361343,0.61767578125,0.41552734375,0
"102","Flora","Elektra","Release",0.222222222222222,0.0144081249440009,185.564387715483,214.002862906113,0.0711731883591296,0.248046875,0.787109375,0.0571428571428571
"103","Flora","Indianna","Release",0,-0.531588698484598,2051.91683666333,2033.90021479197,-0.00440955178473885,0.78125,0.3125,0
"104","Flora","Juniper","Release",0,0.218926006734562,1184.8781894398,1158.69904895853,-0.0111705900075926,0.51708984375,0.51708984375,0
"105","Flora","Luaner","Release",0,-0.692617347875827,1467.26141187945,1460.8599917192,-0.00218618673132328,0.625,0.625,0
"106","Flora","Myrtle","Release",0,0.0212134866551751,1829.23787735512,1824.66046071156,-0.00125274876859036,0.46875,0.59375,0
"107","Indianna","Dawn","Release",0,NA,1112.13832775286,1115.70789001725,0.00160224805281592,0.5,0.75,0
"108","Indianna","Delta","Release",0,-0.360969495490261,1229.1475823952,1193.29811833324,-0.0147988720866598,0.7109375,0.34375,0
"109","Indianna","Ebony","Release",0,-0.006224234372526,1400.55122853707,1402.86559103346,0.000825550621026876,0.294397310158015,0.708921545983882,0
"110","Indianna","Eevee","Release",0,0.158712107715066,1089.59487502887,1113.0346845451,0.0106417392858197,0.594034820795059,0.416254699230194,0
"111","Indianna","Elektra","Release",0,0.311292362178862,2080.1183794246,2094.1424737055,0.00335965929641921,0.59375,0.5,0
"112","Indianna","Flora","Release",0,-0.531588698484598,2051.91683666333,2033.90021479197,-0.00440955178473885,0.3125,0.78125,0
"113","Indianna","Juniper","Release",0,-0.400254759466598,1967.27305529649,1714.51309190189,-0.0686514515751907,0.999237060546875,0.001007080078125,0
"114","Indianna","Korra","Release",0,0.24610009315319,2198.97732076846,2203.49685714351,0.00102659009284366,0.512689113616943,0.5,0
"115","Indianna","Luaner","Release",0,0.0366145419284823,955.999445883512,1000.81835811849,0.0229039781543891,0.00647158361971378,0.993945369496942,0
"116","Indianna","Myrtle","Release",0,-0.120970273471056,1139.23459322154,1154.79018725674,0.00678091804742994,0.313173144124448,0.693997193127871,0
"117","Indianna","Nova","Release",0,-0.143678408160793,1985.56297540471,1963.60183778231,-0.00556095748373549,0.65625,0.421875,0
"118","Indianna","Olive","Release",0.0434782608695652,0.0870420341362994,1120.97021607614,1160.09604445474,0.0171524295701499,0.250452637672424,0.759023785591125,0.0122699386503067
"119","Indianna","Pandora","Release",0,-0.728852004853717,2167.41817604618,2166.90324171195,-0.000118803910601326,0.41552734375,0.61767578125,0
"120","Juniper","Dawn","Release",0,0.0977716888765351,1310.04230758719,1340.96381199654,0.0116640637608986,0.5,0.578125,0
"121","Juniper","Delta","Release",0,-0.374787136845527,1239.10414248585,1117.0640619233,-0.0517959967094762,0.947265625,0.0654296875,0
"122","Juniper","Ebony","Release",0,0.242910280734199,1265.03338085627,1406.39273573616,0.0529153151576586,0.0476938337087631,0.954717576503754,0
"123","Juniper","Eevee","Release",0,0.274290387731655,1117.99755472328,1155.5169911265,0.0165028354323522,0.36767578125,0.6575927734375,0
"124","Juniper","Elektra","Release",0,0.413404744831418,1174.84456510219,1105.79883886495,-0.0302746699098739,0.9453125,0.078125,0
"125","Juniper","Flora","Release",0,0.218926006734562,1184.8781894398,1158.69904895853,-0.0111705900075926,0.8798828125,0.13916015625,0
"126","Juniper","Indianna","Release",0,-0.400254759466598,1967.27305529649,1714.51309190189,-0.0686514515751907,0.99664306640625,0.004180908203125,0
"127","Juniper","Korra","Release",0.25,-0.374423803534158,648.653546088903,656.839382301221,0.00627030299000715,0.421875,0.62890625,0.0412371134020619
"128","Juniper","Luaner","Release",0,-0.10264935456444,1407.96534742132,1380.86386615737,-0.00971787054294929,0.885345458984375,0.126190185546875,0
"129","Juniper","Myrtle","Release",0,0.298923164972926,2156.42039672774,2166.75033921428,0.00238943662360005,0.65234375,0.384765625,0
"130","Juniper","Nova","Release",0,0.254059003785557,803.242110009123,763.349529992718,-0.0254645684285399,0.6875,0.40625,0
"131","Juniper","Olive","Release",0,0.250991544495876,1582.69333217981,1568.47415415024,-0.00451235235551722,0.6328125,0.41015625,0
"132","Juniper","Pandora","Release",0,-0.0190448966763715,435.940149075483,445.571672755931,0.0109261423861996,0.28515625,0.751953125,0
"133","Korra","Delta","Release",0,NA,1344.48436533393,1318.13629154604,-0.00989554171744508,0.75,0.5,0
"134","Korra","Ebony","Release",0,-0.108833760369915,1163.72990912769,1161.55981852083,-0.000933256007222548,0.815391540527344,0.196369171142578,0
"135","Korra","Eevee","Release",0,0.193779955214918,1386.13859811584,1403.74989199856,0.00631254401210881,0.65234375,0.384765625,0
"136","Korra","Elektra","Release",0,NA,611.259662795185,611.259662795185,0,1,1,0
"137","Korra","Indianna","Release",0,0.196676099761747,2204.93273667413,2207.82521742789,0.000655481398218094,0.34343957901001,0.667500257492065,0
"138","Korra","Juniper","Release",0.25,-0.374423803534158,648.653546088903,656.839382301221,0.00627030299000715,0.125,0.90234375,0.0412371134020619
"139","Korra","Luaner","Release",0,-0.126324076786439,1673.08021384687,1694.79753464851,0.00644836969255918,0.70025634765625,0.3193359375,0
"140","Korra","Myrtle","Release",0,0.26655577475787,2205.34138307679,2206.4263641273,0.000245928868579945,0.259765625,0.767578125,0
"141","Korra","Nova","Release",0.2,0.792636448143875,683.453960150077,858.166883569437,0.113330670204111,0.3125,0.78125,0.03125
"142","Korra","Olive","Release",0,0.0120667909547999,1315.27345544766,1339.10895664131,0.00897967869478597,0.357421875,0.66510009765625,0
"143","Korra","Pandora","Release",0,0.0764966866195088,398.51434087312,410.01565567203,0.0142249698193687,0.28515625,0.751953125,0
"144","Luaner","Dawn","Release",0,0.0797543449037573,718.032077615093,747.835395306885,0.0203315226255641,0.3125,0.8125,0
"145","Luaner","Delta","Release",0,-0.148449989669749,844.837903043294,852.038599917295,0.00424350084489789,0.38232421875,0.64990234375,0
"146","Luaner","Ebony","Release",0,0.0441222573438672,1449.27105868189,1440.78287635349,-0.00293703249808016,0.154312253049966,0.848640985111842,0
"147","Luaner","Eevee","Release",0.368421052631579,0.0911974097193629,503.725823176647,514.807478333129,0.0108800126024894,0.399126052856445,0.615997314453125,0.0869565217391304
"148","Luaner","Elektra","Release",0,-0.223400130008513,1575.5661519542,1562.22095664007,-0.00425305951368769,0.65625,0.40625,0
"149","Luaner","Flora","Release",0,-0.692617347875827,1467.26141187945,1460.8599917192,-0.00218618673132328,0.875,0.25,0
"150","Luaner","Indianna","Release",0,0.0366145419284823,955.999445883512,1000.81835811849,0.0229039781543891,0.152096623554826,0.852940874174237,0
"151","Luaner","Juniper","Release",0,-0.10264935456444,1407.96534742132,1380.86386615737,-0.00971787054294929,0.619232177734375,0.4019775390625,0
"152","Luaner","Korra","Release",0,-0.126324076786439,1673.08021384687,1694.79753464851,0.00644836969255918,0.28070068359375,0.737762451171875,0
"153","Luaner","Myrtle","Release",0,-0.138437149082654,646.901428523534,629.020085427299,-0.0140144537894553,0.565256118774414,0.449158668518066,0
"154","Luaner","Nova","Release",0.0909090909090909,-0.380102885355593,1096.63652467081,1326.24446106687,0.0947664939993526,0.16015625,0.86083984375,0.0206185567010309
"155","Luaner","Olive","Release",0,0.059398346242699,1069.92039562221,1141.46886726611,0.0323545351533662,0.23658287525177,0.772062838077545,0
"156","Luaner","Pandora","Release",0,0.154943075131753,1744.8437798734,1766.81842087256,0.0062576181144347,0.5723876953125,0.45159912109375,0
"157","Myrtle","Dawn","Release",0,NA,911.176352398183,913.4778924377,0.00126135680007915,0.5,0.75,0
"158","Myrtle","Delta","Release",0,0.0768799495304459,1239.12202157756,1237.87897673524,-0.000501834614990446,0.890625,0.1484375,0
"159","Myrtle","Ebony","Release",0,0.0965440288912593,1738.77943395804,1715.90318370544,-0.00662180952184476,0.527458124901175,0.475969689841692,0
"160","Myrtle","Eevee","Release",0,0.143441689185662,937.812077105682,950.091622766378,0.0065043284048486,0.504469946026802,0.504469946026802,0
"161","Myrtle","Elektra","Release",0,0.0766313080941122,1870.49339868162,1867.44607537833,-0.000815241478477774,0.76953125,0.2734375,0
"162","Myrtle","Flora","Release",0,0.0212134866551751,1829.23787735512,1824.66046071156,-0.00125274876859042,0.59375,0.46875,0
"163","Myrtle","Indianna","Release",0,-0.120970273471056,1139.23459322154,1154.79018725674,0.00678091804742994,0.278056637383997,0.728736030869186,0
"164","Myrtle","Juniper","Release",0,0.298923164972926,2156.42039672774,2166.75033921428,0.00238943662360005,0.4609375,0.5771484375,0
"165","Myrtle","Korra","Release",0,0.26655577475787,2205.34138307679,2206.4263641273,0.000245928868579945,0.61767578125,0.41552734375,0
"166","Myrtle","Luaner","Release",0,-0.138437149082654,646.901428523534,629.020085427299,-0.0140144537894553,0.0486536026000977,0.95515251159668,0
"167","Myrtle","Nova","Release",0,0.480262180847506,1887.41420320506,1883.92414176319,-0.000925417218671343,0.578125,0.5,0
"168","Myrtle","Olive","Release",0,0.157761640449815,1403.00854539474,1392.79323902734,-0.00365380207721302,0.665725708007812,0.352859497070313,0
"169","Myrtle","Pandora","Release",0,-0.193353634843282,2330.11329506972,2316.06372376324,-0.00302389927235383,0.951171875,0.064453125,0
"170","Nova","Ebony","Release",0.25,0.00719273405390603,741.783992259909,874.520481567172,0.0821234436064943,0.0546875,0.9609375,0.0174672489082969
"171","Nova","Eevee","Release",0,-0.478886186242373,583.643969180179,683.182440787159,0.078573094801162,0.21875,0.84375,0
"172","Nova","Indianna","Release",0,-0.143678408160793,1985.56297540471,1963.60183778231,-0.00556095748373549,0.65625,0.421875,0
"173","Nova","Juniper","Release",0,0.254059003785557,803.242110009123,763.349529992718,-0.0254645684285399,0.6875,0.40625,0
"174","Nova","Korra","Release",0.2,0.792636448143875,683.453960150077,858.166883569437,0.113330670204111,0.15625,0.90625,0.03125
"175","Nova","Luaner","Release",0.0909090909090909,-0.380102885355593,1096.63652467081,1326.24446106687,0.0947664939993526,0.1201171875,0.89697265625,0.0206185567010309
"176","Nova","Myrtle","Release",0,0.480262180847506,1887.41420320506,1883.92414176319,-0.000925417218671403,0.578125,0.5,0
"177","Nova","Olive","Release",0.0714285714285714,-0.117417409917854,854.982842964382,1061.07943596238,0.107562575217254,0.0338134765625,0.97100830078125,0.0273972602739726
"178","Nova","Pandora","Release",0,0.501514311968708,756.664698271845,1157.03678850035,0.209213449953371,0.048828125,0.962890625,0
"179","Olive","Ebony","Release",0,0.27941122674707,710.626030261126,804.658987267763,0.0620562837478489,0.0215835571289063,0.980754852294922,0
"180","Olive","Eevee","Release",0,-0.362230890787882,885.75754991571,737.67247438104,-0.0912174059358168,0.9932861328125,0.00830078125,0
"181","Olive","Indianna","Release",0.0434782608695652,0.0870420341362994,1120.97021607614,1160.09604445474,0.0171524295701499,0.354507088661194,0.65656042098999,0.0122699386503067
"182","Olive","Juniper","Release",0,0.20041763919625,1604.70405057015,1589.00710669935,-0.0049149541388786,0.76953125,0.2734375,0
"183","Olive","Korra","Release",0,0.0120667909547999,1315.27345544766,1339.10895664131,0.00897967869478597,0.27081298828125,0.74920654296875,0
"184","Olive","Luaner","Release",0,0.059398346242699,1069.92039562221,1141.46886726611,0.0323545351533662,0.0282133221626282,0.973679602146149,0
"185","Olive","Myrtle","Release",0,0.157761640449815,1403.00854539474,1392.79323902734,-0.00365380207721302,0.334274291992188,0.683914184570312,0
"186","Olive","Nova","Release",0.0714285714285714,-0.117417409917854,854.982842964382,1061.07943596238,0.107562575217254,0.1337890625,0.87939453125,0.0273972602739726
"187","Olive","Pandora","Release",0,-0.120720274516556,1138.74326386379,1294.45385476884,0.0639942361071662,0.371780395507813,0.647140502929688,0
"188","Pandora","Ebony","Release",0,-0.123645448304438,1175.91625102734,1186.47892652963,0.00447117214030412,0.126190185546875,0.885345458984375,0
"189","Pandora","Eevee","Release",0,-0.158811547403258,897.46429957669,936.790734986311,0.0214400040717299,0.34375,0.71875,0
"190","Pandora","Indianna","Release",0,-0.728852004853717,2167.41817604618,2166.90324171195,-0.000118803910601326,0.55078125,0.48291015625,0
"191","Pandora","Juniper","Release",0,-0.0190448966763715,435.940149075483,445.571672755931,0.0109261423861996,0.544921875,0.5,0
"192","Pandora","Korra","Release",0,0.0764966866195088,398.51434087312,410.01565567203,0.0142249698193687,0.58984375,0.455078125,0
"193","Pandora","Luaner","Release",0,0.154943075131753,1744.8437798734,1766.81842087256,0.0062576181144347,0.213134765625,0.80450439453125,0
"194","Pandora","Myrtle","Release",0,-0.193353634843282,2330.11329506972,2316.06372376324,-0.00302389927235383,0.58984375,0.455078125,0
"195","Pandora","Nova","Release",0,0.501514311968708,756.664698271845,1157.03678850035,0.209213449953371,0.037109375,0.97265625,0
"196","Pandora","Olive","Release",0,-0.120720274516556,1138.74326386379,1294.45385476884,0.0639942361071662,0.071929931640625,0.935134887695312,0
"197","Indianna","Juniper","Settlement",0,-0.00322734961614701,1615.0950177141,1609.74928694269,-0.00165767096528959,0.908341031680777,0.0936100960315684,0
"198","Indianna","Korra","Settlement",0,-0.278919110213311,1971.2826809441,1971.09377128122,-4.79177128751762e-05,0.994744598865509,0.00572666525840759,0
"199","Indianna","Luaner","Settlement",0,-0.12129183923573,1948.8570026275,1954.2659773674,0.00138580689556293,0.915813343395712,0.0867752307676712,0
"200","Indianna","Myrtle","Settlement",0.0571428571428571,-0.13333598124816,662.554470887162,642.637998844597,-0.0152594138446554,0.407288893708028,0.598979647562373,0.0161943319838057
"201","Indianna","Nova","Settlement",0.0294117647058824,0.0162953191133255,750.645875702901,752.262848339478,0.00107589543577042,0.20349218591582,0.801290582050569,0.00647249190938511
"202","Indianna","Olive","Settlement",0,0.097386011525775,766.134375112053,816.44990267578,0.0317932689398754,0.4462890625,0.580322265625,0
"203","Indianna","Pandora","Settlement",0,-0.00738887138671998,1644.17436388951,1644.87191824967,0.000212084081620414,0.621911681661004,0.383349395298865,0
"204","Juniper","Indianna","Settlement",0,-0.00322734961614701,1615.0950177141,1609.74928694269,-0.00165767096528959,0.460889878533578,0.543694192478824,0
"205","Juniper","Korra","Settlement",0.210526315789474,-0.208742708104716,345.257148504297,364.760089229564,0.027468263710771,0.137670516967773,0.871036529541016,0.0533333333333333
"206","Juniper","Luaner","Settlement",0.0833333333333333,-0.249705825916222,494.170394436374,547.551959890492,0.0512435633471753,0.254383027553559,0.754600703716278,0.023121387283237
"207","Juniper","Myrtle","Settlement",0,0.0499729243712244,1579.66282562209,1604.59597078618,0.00783012523737481,0.0458765029907226,0.957086086273193,0
"208","Juniper","Nova","Settlement",0,-0.187128779097061,1068.84608330962,1116.64657725247,0.0218717247627641,0.322067260742188,0.694389343261719,0
"209","Juniper","Olive","Settlement",0,-0.125872692685422,1167.88253011341,1236.30714781195,0.0284605737753567,0.339385986328125,0.6806640625,0
"210","Juniper","Pandora","Settlement",0,-0.159689057684544,391.351067510864,332.598791001685,-0.0811551736882628,0.99996355175972,4.1864812374115e-05,0
"211","Korra","Indianna","Settlement",0,-0.278919110213311,1971.2826809441,1971.09377128122,-4.79177128751762e-05,0.385579705238342,0.624503523111343,0
"212","Korra","Juniper","Settlement",0.210526315789474,-0.208742708104716,345.257148504297,364.760089229564,0.027468263710771,0.257638931274414,0.755016326904297,0.0533333333333333
"213","Korra","Luaner","Settlement",0.214285714285714,-0.547666425273571,176.040632122024,165.681066023291,-0.0303157983673826,0.357421875,0.66510009765625,0.0504201680672269
"214","Korra","Myrtle","Settlement",0,0.4285781706731,2115.83611702908,2116.51098969228,0.000159455887284474,0.63232421875,0.3934326171875,0
"215","Korra","Nova","Settlement",0,0.34992907465255,1958.07960780984,1958.49428320691,0.000105877077416237,0.40625,0.6875,0
"216","Korra","Olive","Settlement",0,-0.27966166247991,1678.97719330539,1667.99884349548,-0.00328008019453808,0.37109375,0.6796875,0
"217","Korra","Pandora","Settlement",0,-0.20766194524014,210.180364162116,166.334597098397,-0.116451593097207,0.99658203125,0.0048828125,0
"218","Luaner","Indianna","Settlement",0,-0.12129183923573,1948.8570026275,1954.2659773674,0.00138580689556293,0.0743956377264114,0.927914204919943,0
"219","Luaner","Juniper","Settlement",0.0833333333333333,-0.249705825916222,494.170394436374,547.551959890492,0.0512435633471753,0.014565646648407,0.986536145210266,0.023121387283237
"220","Luaner","Korra","Settlement",0.214285714285714,-0.547666425273571,176.040632122024,165.681066023291,-0.0303157983673826,0.74920654296875,0.27081298828125,0.0504201680672269
"221","Luaner","Myrtle","Settlement",0,-0.258758232896091,1817.06647228456,1830.35746036818,0.00364393838748282,0.2315673828125,0.786865234375,0
"222","Luaner","Nova","Settlement",0,-0.555634116428503,1771.72580777423,1763.39131580317,-0.00235762824249106,0.65625,0.421875,0
"223","Luaner","Olive","Settlement",0.0909090909090909,-0.193127661638403,1456.72299859578,1492.29295115826,0.012061634514199,0.61767578125,0.41552734375,0.0126582278481013
"224","Luaner","Pandora","Settlement",0.0909090909090909,-0.210766848298217,231.055162543946,215.437455547737,-0.0349786454767369,0.61767578125,0.41552734375,0.00701754385964912
"225","Myrtle","Indianna","Settlement",0.0571428571428571,-0.13333598124816,662.554470887162,642.637998844597,-0.0152594138446554,0.629921679559629,0.376208426983794,0.0161943319838057
"226","Myrtle","Juniper","Settlement",0,0.0499729243712244,1579.66282562209,1604.59597078618,0.00783012523737481,0.13629150390625,0.87027382850647,0
"227","Myrtle","Korra","Settlement",0,0.4285781706731,2115.83611702908,2116.51098969228,0.000159455887284366,0.8302001953125,0.1878662109375,0
"228","Myrtle","Luaner","Settlement",0,-0.258758232896091,1817.06647228456,1830.35746036818,0.00364393838748282,0.54840087890625,0.47576904296875,0
"229","Myrtle","Nova","Settlement",0,0.102859690681654,1172.63840345522,1214.7274382024,0.0176299057365922,0.259765625,0.767578125,0
"230","Myrtle","Olive","Settlement",0,-0.0633984676862274,1000.87550839524,957.162617074318,-0.0223248417649893,0.133056640625,0.88330078125,0
"231","Myrtle","Pandora","Settlement",0,-0.290047646210589,1828.23950148187,1823.89995365039,-0.00118822073603629,0.554133892059326,0.459346771240234,0
"232","Nova","Indianna","Settlement",0.0294117647058824,0.0162953191133255,750.645875702901,752.262848339478,0.00107589543577042,0.184762555756606,0.819751360395458,0.00647249190938511
"233","Nova","Juniper","Settlement",0,-0.187128779097061,1068.84608330962,1116.64657725247,0.0218717247627641,0.289527893066406,0.726165771484375,0
"234","Nova","Korra","Settlement",0,0.34992907465255,1958.07960780984,1958.49428320691,0.000105877077416237,0.40625,0.6875,0
"235","Nova","Luaner","Settlement",0,-0.555634116428503,1771.72580777423,1763.39131580317,-0.00235762824249106,0.78125,0.28125,0
"236","Nova","Myrtle","Settlement",0,0.102859690681654,1172.63840345522,1214.7274382024,0.0176299057365922,0.41552734375,0.61767578125,0
"237","Nova","Olive","Settlement",0.181818181818182,0.0323874795858883,621.0332546736,709.996770819014,0.0668380986465636,0.13916015625,0.8798828125,0.0187793427230047
"238","Nova","Pandora","Settlement",0.0212765957446809,0.125776704528623,907.536171098351,944.608638317056,0.0200159658306663,0.210852317153339,0.792181580097008,0.00588235294117647
"239","Olive","Indianna","Settlement",0,0.097386011525775,766.134375112053,816.44990267578,0.0317932689398754,0.0838623046875001,0.9267578125,0
"240","Olive","Juniper","Settlement",0,-0.125872692685422,1167.88253011341,1236.30714781195,0.0284605737753567,0.165130615234375,0.848602294921875,0
"241","Olive","Korra","Settlement",0,-0.27966166247991,1678.97719330539,1667.99884349548,-0.00328008019453808,0.7265625,0.3203125,0
"242","Olive","Luaner","Settlement",0.0909090909090909,-0.193127661638403,1456.72299859578,1492.29295115826,0.012061634514199,0.44921875,0.58447265625,0.0126582278481013
"243","Olive","Myrtle","Settlement",0,-0.0633984676862274,1000.87550839524,957.162617074318,-0.0223248417649893,0.911865234375,0.101806640625,0
"244","Olive","Nova","Settlement",0.181818181818182,0.0323874795858883,621.0332546736,709.996770819014,0.0668380986465636,0.20654296875,0.8173828125,0.0187793427230047
"245","Olive","Pandora","Settlement",0,-0.0845963022494119,1118.6233257798,1127.95503406123,0.00415374261955087,0.328147514575278,0.676024152371042,0
"246","Pandora","Indianna","Settlement",0,0.00128491434874049,1615.43344193664,1616.03188340753,0.000185191982779362,0.655990219478554,0.349309173907386,0
"247","Pandora","Juniper","Settlement",0,-0.159689057684544,391.351067510864,332.598791001685,-0.0811551736882628,0.819608189165592,0.186752967536449,0
"248","Pandora","Korra","Settlement",0,-0.20766194524014,210.180364162116,166.334597098397,-0.116451593097207,0.97900390625,0.02685546875,0
"249","Pandora","Luaner","Settlement",0.0909090909090909,-0.210766848298217,231.055162543946,215.437455547737,-0.0349786454767369,0.64990234375,0.38232421875,0.00701754385964912
"250","Pandora","Myrtle","Settlement",0,-0.290047646210589,1828.23950148187,1823.89995365039,-0.00118822073603629,0.607317447662354,0.405838966369629,0
"251","Pandora","Nova","Settlement",0.0217391304347826,0.116296941046245,912.56717545039,947.953752038775,0.0190197143528721,0.294091993957636,0.709635452217839,0.00588235294117647
"252","Pandora","Olive","Settlement",0,-0.0845963022494119,1118.6233257798,1127.95503406123,0.00415374261955087,0.190950756676159,0.812202247464086,0
"253","Dawn","Delta","Study",0,0.115220618926976,646.371689375866,650.197710896932,0.0029508806241001,0.487323416240015,0.515844229605686,0
"254","Dawn","Ebony","Study",0.0138888888888889,-0.22423499826658,586.672672917899,579.870668693255,-0.00583090570406909,0.639207971066882,0.362895142223502,0.003584229390681
"255","Dawn","Eevee","Study",0,-0.187978706636098,1239.28890251236,1231.40874623017,-0.00318944581753952,0.833408465769767,0.16869279587734,0
"256","Dawn","Elektra","Study",0,0.142433128821263,944.733526037689,950.563996583572,0.00307628247084915,0.738644372008153,0.264900321777176,0
"257","Dawn","Fauna","Study",0,0.181765699843947,956.352336334169,962.855877665374,0.00338865855396247,0.758324220776558,0.249597519636154,0
"258","Dawn","Flora","Study",0,0.0232522258635366,1170.68563091292,1156.81105107561,-0.0059611598781987,0.602276041719051,0.402863491974131,0
"259","Dawn","Indianna","Study",0,NA,1112.13832775286,1115.70789001725,0.00160224805281592,0.5,0.75,0
"260","Dawn","Juniper","Study",0,0.0977716888765351,1310.04230758719,1340.96381199654,0.0116640637608986,0.5,0.578125,0
"261","Dawn","Luaner","Study",0,0.0797543449037573,718.032077615093,747.835395306885,0.0203315226255641,0.4375,0.6875,0
"262","Dawn","Myrtle","Study",0,NA,911.176352398183,913.4778924377,0.00126135680007915,0.5,0.75,0
"263","Delta","Dawn","Study",0,0.116395096356559,645.829295814463,651.055546267065,0.00402984928423868,0.674681293184148,0.328184573584255,0
"264","Delta","Ebony","Study",0.0114942528735632,0.210769318767185,655.286127283035,724.33947667888,0.0500522382286488,0.00147330411159824,0.998546885666673,0.0031201248049922
"265","Delta","Eevee","Study",0.0238095238095238,-0.155482018188411,714.811901808958,720.856682829969,0.00421042926319349,0.493773074965601,0.508005834168545,0.00808080808080808
"266","Delta","Elektra","Study",0.0246913580246914,-0.239032631679625,1101.07034148339,1101.90646847258,0.000379544162887465,0.872732660869887,0.128251410761051,0.00956937799043062
"267","Delta","Fauna","Study",0,0.166689144277896,1004.47185879508,1001.55239553118,-0.00145534793889177,0.464293252837479,0.540452575245922,0
"268","Delta","Flora","Study",0,-0.0487716090790989,1185.29549199915,1183.9956640247,-0.00054861470745929,0.731006496989584,0.271692306001475,0
"269","Delta","Indianna","Study",0,-0.360969495490261,1229.1475823952,1193.29811833324,-0.0147988720866598,0.7109375,0.34375,0
"270","Delta","Juniper","Study",0,-0.374787136845527,1239.10414248585,1117.0640619233,-0.0517959967094762,0.9033203125,0.1162109375,0
"271","Delta","Korra","Study",0,NA,1344.48436533393,1318.13629154604,-0.00989554171744517,0.75,0.5,0
"272","Delta","Luaner","Study",0,-0.148449989669749,844.837903043294,852.038599917295,0.00424350084489776,0.68115234375,0.35009765625,0
"273","Delta","Myrtle","Study",0,0.0768799495304459,1239.12202157756,1237.87897673524,-0.000501834614990446,0.765625,0.2890625,0
"274","Ebony","Dawn","Study",0.0138888888888889,-0.22423499826658,586.672672917899,579.870668693255,-0.00583090570406918,0.534656791633079,0.467574029988209,0.003584229390681
"275","Ebony","Delta","Study",0.0114942528735632,0.210769318767185,655.286127283035,724.33947667888,0.0500522382286488,1.66340825181387e-05,0.999983670793804,0.0031201248049922
"276","Ebony","Eevee","Study",0.00900900900900901,0.0418935999236648,1068.37378504152,1058.52549027549,-0.00463035315321125,0.646221664199168,0.354872979454717,0.00289855072463768
"277","Ebony","Elektra","Study",0,0.121357559010788,1290.77222864607,1289.98197585251,-0.000306210018833502,0.825697568713316,0.17566353994961,0
"278","Ebony","Fauna","Study",0,-0.17652523602663,1015.91107013407,1015.16603007863,-0.000366820174061559,0.205866869539022,0.800526477396488,0
"279","Ebony","Flora","Study",0,0.0707789869301249,1557.97439628753,1546.17681478184,-0.0038005820926581,0.74654700106335,0.255370571696425,0
"280","Ebony","Indianna","Study",0,-0.006224234372526,1400.55122853707,1402.86559103346,0.000825550621026876,0.741109488003291,0.262024515847614,0
"281","Ebony","Juniper","Study",0,0.242910280734199,1265.03338085627,1406.39273573616,0.0529153151576586,0.339475505053997,0.669159770011902,0
"282","Ebony","Korra","Study",0,-0.108833760369915,1163.72990912769,1161.55981852083,-0.000933256007222548,0.335262298583984,0.680152893066406,0
"283","Ebony","Luaner","Study",0,0.0441222573438672,1449.27105868189,1440.78287635349,-0.00293703249808016,0.416703660808935,0.58811952770111,0
"284","Ebony","Myrtle","Study",0,0.0965440288912593,1738.77943395804,1715.90318370544,-0.00662180952184476,0.999319982679929,0.000700631246638511,0
"285","Ebony","Nova","Study",0.25,-0.00414367147188811,749.564071180964,876.409657616261,0.0780120762031793,0.2734375,0.76953125,0.00710479573712256
"286","Ebony","Olive","Study",0,0.27941122674707,710.626030261126,804.658987267763,0.0620562837478489,0.106071472167969,0.901805877685547,0
"287","Ebony","Pandora","Study",0,-0.123645448304438,1175.91625102734,1186.47892652963,0.00447117214030412,0.64013671875,0.380767822265625,0
"288","Eevee","Dawn","Study",0,-0.187978706636098,1239.28890251236,1231.40874623017,-0.00318944581753952,0.795395664489831,0.20699037394553,0
"289","Eevee","Delta","Study",0.0238095238095238,-0.155482018188411,714.811901808958,720.856682829969,0.00421042926319349,0.364809371578673,0.636865364094381,0.00808080808080808
"290","Eevee","Ebony","Study",0.00892857142857143,0.0423011640471656,1072.008881158,1059.55189909461,-0.00584406608471946,0.326884208960906,0.6741624536985,0.00289855072463768
"291","Eevee","Elektra","Study",0,-0.0442135609392963,1616.88571417136,1616.90336895538,5.45947294726329e-06,0.837651663794894,0.163730577677142,0
"292","Eevee","Fauna","Study",0.0204081632653061,-0.140177743091291,1303.30952152014,1310.54029529554,0.00276633099915693,0.437340440718829,0.566540976748154,0.00466200466200466
"293","Eevee","Flora","Study",0,-0.016910654802171,1607.37627932139,1604.88080902715,-0.000776858833402239,0.690168126259125,0.313051201157845,0
"294","Eevee","Indianna","Study",0,0.158712107715066,1089.59487502887,1113.0346845451,0.0106417392858197,0.5,0.510542362928391,0
"295","Eevee","Juniper","Study",0,0.274290387731655,1117.99755472328,1155.5169911265,0.0165028354323522,0.3934326171875,0.63232421875,0
"296","Eevee","Korra","Study",0,0.193779955214918,1386.13859811584,1403.74989199856,0.00631254401210881,0.384765625,0.65234375,0
"297","Eevee","Luaner","Study",0.368421052631579,0.0911974097193629,503.725823176647,514.807478333129,0.0108800126024894,0.325374603271484,0.688718795776367,0.0332541567695962
"298","Eevee","Myrtle","Study",0,0.143441689185662,937.812077105682,950.091622766378,0.0065043284048486,0.652649093419313,0.355683200061321,0
"299","Eevee","Nova","Study",0,-0.478886186242373,583.643969180179,683.182440787159,0.078573094801162,0.21875,0.84375,0
"300","Eevee","Olive","Study",0,-0.362230890787882,885.75754991571,737.67247438104,-0.0912174059358168,0.96075439453125,0.0452880859375,0
"301","Eevee","Pandora","Study",0,-0.158811547403258,897.46429957669,936.790734986311,0.0214400040717299,0.28125,0.78125,0
"302","Elektra","Dawn","Study",0,0.142433128821263,944.733526037689,950.563996583572,0.00307628247084915,0.5,0.504316144572499,0
"303","Elektra","Delta","Study",0.025,-0.240434027863211,1096.1655603025,1097.00751748138,0.000383899103726317,0.398743260663907,0.603107066218913,0.00956937799043062
"304","Elektra","Ebony","Study",0,0.121357559010788,1290.77222864607,1289.98197585251,-0.000306210018833502,0.252069848539131,0.749612548521626,0
"305","Elektra","Eevee","Study",0,-0.0441960943021115,1616.8735674072,1616.04493353453,-0.00025631140173289,0.895974057116032,0.105022306733078,0
"306","Elektra","Fauna","Study",0,0.14197486979788,484.474640991359,504.918849575774,0.0206633748648332,0.307372213398566,0.696554626618394,0
"307","Elektra","Flora","Study",0.11864406779661,-0.013045649973999,393.216721732658,410.279265992292,0.0212353820308992,0.169834628548177,0.832067342035572,0.0392156862745098
"308","Elektra","Indianna","Study",0,0.311292362178862,2080.1183794246,2094.1424737055,0.00335965929641921,0.40625,0.6875,0
"309","Elektra","Juniper","Study",0,0.413404744831418,1174.84456510219,1105.79883886495,-0.0302746699098739,0.65625,0.40625,0
"310","Elektra","Korra","Study",0,NA,611.259662795185,611.259662795185,0,1,1,0
"311","Elektra","Luaner","Study",0,-0.223400130008513,1575.5661519542,1562.22095664007,-0.00425305951368776,0.890625,0.1484375,0
"312","Elektra","Myrtle","Study",0,0.0766313080941122,1870.49339868162,1867.44607537833,-0.000815241478477835,0.52734375,0.52734375,0
"313","Fauna","Dawn","Study",0,0.181765699843947,956.352336334169,962.855877665374,0.00338865855396247,0.430628001689911,0.579163551330566,0
"314","Fauna","Delta","Study",0,0.166689144277896,1004.47185879508,1001.55239553118,-0.00145534793889177,0.80746451757966,0.195847155057095,0
"315","Fauna","Ebony","Study",0,-0.17652523602663,1015.91107013407,1015.16603007863,-0.000366820174061559,0.45094982534647,0.557912118732929,0
"316","Fauna","Eevee","Study",0.0204081632653061,-0.140177743091291,1303.30952152014,1310.54029529554,0.00276633099915693,0.5,0.503932106640995,0.00466200466200466
"317","Fauna","Elektra","Study",0,0.14197486979788,484.474640991359,504.918849575774,0.0206633748648332,0.385662786926758,0.618607842442003,0
"318","Fauna","Flora","Study",0,-0.0486388722890096,389.296353872324,394.323654767551,0.00641548306551419,0.394562961300835,0.61252409266308,0
"319","Flora","Dawn","Study",0,0.0232522258635366,1170.68563091292,1156.81105107561,-0.0059611598781987,0.507953120640195,0.497348807155504,0
"320","Flora","Delta","Study",0,-0.0487716090790989,1185.29549199915,1183.9956640247,-0.00054861470745929,0.485359361464156,0.517892129922142,0
"321","Flora","Ebony","Study",0,0.0595671798113789,1558.65644821829,1546.57628796996,-0.00389025920909169,0.608353993234475,0.393944608510453,0
"322","Flora","Eevee","Study",0,-0.016910654802171,1607.37627932139,1604.88080902715,-0.000776858833402239,0.784578025036419,0.218095498442118,0
"323","Flora","Elektra","Study",0.11864406779661,-0.013045649973999,393.216721732658,410.279265992292,0.0212353820308992,0.171750355987554,0.830165371451823,0.0392156862745098
"324","Flora","Fauna","Study",0,-0.0486388722890096,389.296353872324,394.323654767551,0.00641548306551419,0.268031225772575,0.7380410307087,0
"325","Flora","Indianna","Study",0,-0.531588698484598,2051.91683666333,2033.90021479197,-0.00440955178473885,0.78125,0.3125,0
"326","Flora","Juniper","Study",0,0.218926006734562,1184.8781894398,1158.69904895853,-0.0111705900075926,0.51708984375,0.51708984375,0
"327","Flora","Luaner","Study",0,-0.692617347875827,1467.26141187945,1460.8599917192,-0.00218618673132328,0.625,0.625,0
"328","Flora","Myrtle","Study",0,0.0212134866551751,1829.23787735512,1824.66046071156,-0.00125274876859036,0.46875,0.59375,0
"329","Indianna","Dawn","Study",0,NA,1112.13832775286,1115.70789001725,0.00160224805281592,0.5,0.75,0
"330","Indianna","Delta","Study",0,-0.360969495490261,1229.1475823952,1193.29811833324,-0.0147988720866598,0.7109375,0.34375,0
"331","Indianna","Ebony","Study",0,-0.006224234372526,1400.55122853707,1402.86559103346,0.000825550621026876,0.294397310158015,0.708921545983882,0
"332","Indianna","Eevee","Study",0,0.158712107715066,1089.59487502887,1113.0346845451,0.0106417392858197,0.594034820795059,0.416254699230194,0
"333","Indianna","Elektra","Study",0,0.311292362178862,2080.1183794246,2094.1424737055,0.00335965929641921,0.59375,0.5,0
"334","Indianna","Flora","Study",0,-0.531588698484598,2051.91683666333,2033.90021479197,-0.00440955178473885,0.3125,0.78125,0
"335","Indianna","Juniper","Study",0,-0.175199228311822,1704.63180692996,1645.12357213352,-0.0177649493955223,0.971666069287304,0.0288272365414893,0
"336","Indianna","Korra","Study",0,0.166318003785282,2077.86315064912,2082.43920064193,0.00109993207378077,0.757439464613896,0.245864805185974,0
"337","Indianna","Luaner","Study",0,-0.00931028483257624,1498.96842222788,1678.38038909833,0.0564659335578458,0.0155137334584689,0.984745084799736,0
"338","Indianna","Myrtle","Study",0.0307692307692308,-0.0785777379648982,882.560681195338,1014.74984047977,0.0696718632897903,0.0366809684343198,0.963840710565007,0.00883002207505519
"339","Indianna","Nova","Study",0.025,0.00387246151644005,935.883440658173,925.017180029242,-0.00583924821569316,0.290403383053672,0.714148110621863,0.0045766590389016
"340","Indianna","Olive","Study",0.0277777777777778,0.0330164926864413,992.835051283553,1084.83458494912,0.0442801550646829,0.11936597165186,0.883751729532378,0.0046189376443418
"341","Indianna","Pandora","Study",0,-0.23739598498352,1759.28800256398,1760.81069873274,0.000432572009472579,0.480751968763684,0.523093693300977,0
"342","Juniper","Dawn","Study",0,0.0977716888765351,1310.04230758719,1340.96381199654,0.0116640637608986,0.5,0.578125,0
"343","Juniper","Delta","Study",0,-0.374787136845527,1239.10414248585,1117.0640619233,-0.0517959967094762,0.947265625,0.0654296875,0
"344","Juniper","Ebony","Study",0,0.242910280734199,1265.03338085627,1406.39273573616,0.0529153151576586,0.0476938337087631,0.954717576503754,0
"345","Juniper","Eevee","Study",0,0.274290387731655,1117.99755472328,1155.5169911265,0.0165028354323522,0.36767578125,0.6575927734375,0
"346","Juniper","Elektra","Study",0,0.413404744831418,1174.84456510219,1105.79883886495,-0.0302746699098739,0.9453125,0.078125,0
"347","Juniper","Flora","Study",0,0.218926006734562,1184.8781894398,1158.69904895853,-0.0111705900075926,0.8798828125,0.13916015625,0
"348","Juniper","Indianna","Study",0,-0.175199228311822,1704.63180692996,1645.12357213352,-0.0177649493955223,0.697434609387702,0.305204971195481,0
"349","Juniper","Korra","Study",0.222222222222222,-0.357044347663457,435.152377418255,475.352758845695,0.0441517349285842,0.139620877802372,0.865664020180702,0.048582995951417
"350","Juniper","Luaner","Study",0.0512820512820513,-0.135070124177848,845.629991738277,899.087006608258,0.0306393615243285,0.221438085896807,0.782667958563252,0.0132013201320132
"351","Juniper","Myrtle","Study",0,0.182504256525937,1754.43784716926,1777.51528767606,0.00653390337462855,0.395705572445877,0.611075265449471,0
"352","Juniper","Nova","Study",0,-0.120390940470724,1008.48154392314,1044.10044159987,0.0173532155733369,0.351192474365234,0.660568475723267,0
"353","Juniper","Olive","Study",0,0.0545344695458517,1323.43658088831,1355.29228527706,0.0118920973268753,0.311547160148621,0.6983442902565,0
"354","Juniper","Pandora","Study",0,-0.118253309883299,402.498337902018,360.611748740398,-0.0548893139991322,0.99896036167047,0.0011029711458832,0
"355","Korra","Delta","Study",0,NA,1344.48436533393,1318.13629154604,-0.00989554171744508,0.75,0.5,0
"356","Korra","Ebony","Study",0,-0.108833760369915,1163.72990912769,1161.55981852083,-0.000933256007222548,0.815391540527344,0.196369171142578,0
"357","Korra","Eevee","Study",0,0.193779955214918,1386.13859811584,1403.74989199856,0.00631254401210881,0.65234375,0.384765625,0
"358","Korra","Elektra","Study",0,NA,611.259662795185,611.259662795185,0,1,1,0
"359","Korra","Indianna","Study",0,0.128484428935177,2083.23999931474,2087.83006754022,0.0011004533973085,0.397756454740606,0.606160623938511,0
"360","Korra","Juniper","Study",0.222222222222222,-0.357044347663457,435.152377418255,475.352758845695,0.0441517349285842,0.0429667010903358,0.959255717694759,0.048582995951417
"361","Korra","Luaner","Study",0.103448275862069,0.0246201046666478,950.371450255562,1075.18867496781,0.0616210909555134,0.190419476479292,0.815380876883864,0.0247933884297521
"362","Korra","Myrtle","Study",0,0.337949270631914,2156.85936396762,2158.92060906822,0.000477606623480277,0.53909558057785,0.472053587436676,0
"363","Korra","Nova","Study",0.1,0.521741439690062,1320.76678397996,1357.47901016971,0.0137075642086115,0.384765625,0.65234375,0.00840336134453781
"364","Korra","Olive","Study",0,0.038132562373838,1447.5293601232,1456.25183704059,0.00300383407879007,0.387264490127563,0.624881029129028,0
"365","Korra","Pandora","Study",0,0.0125839388413953,294.930653682068,277.127003081696,-0.0311221262225405,0.727062225341797,0.285298347473145,0
"366","Luaner","Dawn","Study",0,0.0797543449037573,718.032077615093,747.835395306885,0.0203315226255641,0.3125,0.8125,0
"367","Luaner","Delta","Study",0,-0.148449989669749,844.837903043294,852.038599917295,0.00424350084489789,0.38232421875,0.64990234375,0
"368","Luaner","Ebony","Study",0,0.0441222573438672,1449.27105868189,1440.78287635349,-0.00293703249808016,0.154312253049966,0.848640985111842,0
"369","Luaner","Eevee","Study",0.368421052631579,0.0911974097193629,503.725823176647,514.807478333129,0.0108800126024894,0.399126052856445,0.615997314453125,0.0332541567695962
"370","Luaner","Elektra","Study",0,-0.223400130008513,1575.5661519542,1562.22095664007,-0.00425305951368769,0.65625,0.40625,0
"371","Luaner","Flora","Study",0,-0.692617347875827,1467.26141187945,1460.8599917192,-0.00218618673132328,0.875,0.25,0
"372","Luaner","Indianna","Study",0,-0.00931028483257624,1498.96842222788,1678.38038909833,0.0564659335578458,0.000771337942949039,0.999246211348904,0
"373","Luaner","Juniper","Study",0.0512820512820513,-0.135070124177848,845.629991738277,899.087006608258,0.0306393615243285,0.0363477498085559,0.964779831252599,0.0132013201320132
"374","Luaner","Korra","Study",0.103448275862069,0.0246201046666478,950.371450255562,1075.18867496781,0.0616210909555134,0.00429684855043888,0.995996151119471,0.0247933884297521
"375","Luaner","Myrtle","Study",0,-0.139714958341866,1128.7340936016,1257.07830093993,0.053794760909097,0.00149973668158054,0.998591277515516,0
"376","Luaner","Nova","Study",0.0588235294117647,-0.37480740703293,1334.90333047202,1313.03303684188,-0.00825937280823967,0.5367431640625,0.481613159179688,0.00680272108843537
"377","Luaner","Olive","Study",0.0285714285714286,0.0168708820324027,1191.48692798533,1313.35835205398,0.0486542721978939,0.12925277359318,0.874179206526605,0.00689655172413793
"378","Luaner","Pandora","Study",0.04,0.0773893220847244,1078.77678824844,1256.76496409096,0.076208518072623,0.0159039199352264,0.985210776329041,0.00503778337531486
"379","Myrtle","Dawn","Study",0,NA,911.176352398183,913.4778924377,0.00126135680007915,0.5,0.75,0
"380","Myrtle","Delta","Study",0,0.0768799495304459,1239.12202157756,1237.87897673524,-0.000501834614990446,0.890625,0.1484375,0
"381","Myrtle","Ebony","Study",0,0.0965440288912593,1738.77943395804,1715.90318370544,-0.00662180952184476,0.527458124901175,0.475969689841692,0
"382","Myrtle","Eevee","Study",0,0.143441689185662,937.812077105682,950.091622766378,0.0065043284048486,0.504469946026802,0.504469946026802,0
"383","Myrtle","Elektra","Study",0,0.0766313080941122,1870.49339868162,1867.44607537833,-0.000815241478477774,0.76953125,0.2734375,0
"384","Myrtle","Flora","Study",0,0.0212134866551751,1829.23787735512,1824.66046071156,-0.00125274876859042,0.59375,0.46875,0
"385","Myrtle","Indianna","Study",0.0307692307692308,-0.0785777379648982,882.560681195338,1014.74984047977,0.0696718632897903,0.046529412149681,0.954103394879298,0.00883002207505519
"386","Myrtle","Juniper","Study",0,0.182504256525937,1754.43784716926,1777.51528767606,0.00653390337462855,0.14390132133849,0.860119721735827,0
"387","Myrtle","Korra","Study",0,0.337949270631914,2156.85936396762,2158.92060906822,0.000477606623480277,0.727165222167969,0.282294452190399,0
"388","Myrtle","Luaner","Study",0,-0.139714958341866,1128.7340936016,1257.07830093993,0.053794760909097,0.135118689155206,0.868571696861181,0
"389","Myrtle","Nova","Study",0,0.183935795973622,1424.91221513163,1499.51193977347,0.0255092013642106,0.215339660644531,0.798118591308594,0
"390","Myrtle","Olive","Study",0,0.0888642751916244,1230.6658152521,1259.31615495842,0.0115062438399503,0.158048130571842,0.847387168556452,0
"391","Myrtle","Pandora","Study",0,-0.144877013447057,1978.80163955822,1965.57721156253,-0.00335272763972377,0.914700802415609,0.0885963551700115,0
"392","Nova","Ebony","Study",0.25,0.00719273405390603,741.783992259909,874.520481567172,0.0821234436064943,0.0546875,0.9609375,0.00710479573712256
"393","Nova","Eevee","Study",0,-0.478886186242373,583.643969180179,683.182440787159,0.078573094801162,0.21875,0.84375,0
"394","Nova","Indianna","Study",0.025,0.00387246151644005,935.883440658173,925.017180029242,-0.00583924821569316,0.233985929728078,0.770093163358069,0.0045766590389016
"395","Nova","Juniper","Study",0,-0.120390940470724,1008.48154392314,1044.10044159987,0.0173532155733369,0.327819347381592,0.683635711669922,0
"396","Nova","Korra","Study",0.1,0.521741439690062,1320.76678397996,1357.47901016971,0.0137075642086115,0.5390625,0.5,0.00840336134453781
"397","Nova","Luaner","Study",0.0588235294117647,-0.37480740703293,1334.90333047202,1313.03303684188,-0.00825937280823967,0.518386840820312,0.5,0.00680272108843537
"398","Nova","Myrtle","Study",0,0.183935795973622,1424.91221513163,1499.51193977347,0.0255092013642106,0.273834228515625,0.741455078125,0
"399","Nova","Olive","Study",0.12,-0.0845671029159788,752.045024116438,911.570067124683,0.0958905962371582,0.0147892236709595,0.986260294914246,0.020979020979021
"400","Nova","Pandora","Study",0.0178571428571429,0.244805655751858,883.288970108377,1006.15351698391,0.0650268784124859,0.0400855120201244,0.960613626693917,0.00508905852417303
"401","Olive","Ebony","Study",0,0.27941122674707,710.626030261126,804.658987267763,0.0620562837478489,0.0215835571289063,0.980754852294922,0
"402","Olive","Eevee","Study",0,-0.362230890787882,885.75754991571,737.67247438104,-0.0912174059358168,0.9932861328125,0.00830078125,0
"403","Olive","Indianna","Study",0.0277777777777778,0.0330164926864413,992.835051283553,1084.83458494912,0.0442801550646829,0.113187346927589,0.889817076982581,0.0046189376443418
"404","Olive","Juniper","Study",0,-0.0202065359818016,1319.82045027227,1356.14240287471,0.0135734143542829,0.117235422134399,0.888692378997803,0
"405","Olive","Korra","Study",0,0.038132562373838,1447.5293601232,1456.25183704059,0.00300383407879007,0.316364288330078,0.694924116134644,0
"406","Olive","Luaner","Study",0.0285714285714286,0.0168708820324027,1191.48692798533,1313.35835205398,0.0486542721978939,0.0948875934118407,0.907874810887733,0.00689655172413793
"407","Olive","Myrtle","Study",0,0.0888642751916244,1230.6658152521,1259.31615495842,0.0115062438399503,0.306819025427103,0.70103894919157,0
"408","Olive","Nova","Study",0.12,-0.0845671029159788,752.045024116438,911.570067124683,0.0958905962371582,0.0908649265766144,0.913520723581314,0.020979020979021
"409","Olive","Pandora","Study",0,-0.077090034799567,1123.9886426022,1189.39091167412,0.0282713093711885,0.620009799263778,0.382796278624511,0
"410","Pandora","Ebony","Study",0,-0.123645448304438,1175.91625102734,1186.47892652963,0.00447117214030412,0.126190185546875,0.885345458984375,0
"411","Pandora","Eevee","Study",0,-0.158811547403258,897.46429957669,936.790734986311,0.0214400040717299,0.34375,0.71875,0
"412","Pandora","Indianna","Study",0,-0.257974295322634,1739.34838224695,1740.89339601305,0.000443938629711123,0.387474019996045,0.616298187862375,0
"413","Pandora","Juniper","Study",0,-0.118253309883299,402.498337902018,360.611748740398,-0.0548893139991323,0.923896252963459,0.0784079850272974,0
"414","Pandora","Korra","Study",0,0.0125839388413953,294.930653682068,277.127003081696,-0.0311221262225404,0.521835327148438,0.492717742919922,0
"415","Pandora","Luaner","Study",0.04,0.0773893220847244,1078.77678824844,1256.76496409096,0.076208518072623,0.162695974111557,0.843833327293396,0.00503778337531486
"416","Pandora","Myrtle","Study",0,-0.144877013447057,1978.80163955822,1965.57721156253,-0.00335272763972377,0.427635861560702,0.580303627997637,0
"417","Pandora","Nova","Study",0.0181818181818182,0.239482051892969,887.055861002992,1009.2476414928,0.0644368268734366,0.0853602098256457,0.915940211327478,0.00508905852417303
"418","Pandora","Olive","Study",0,-0.077090034799567,1123.9886426022,1189.39091167412,0.0282713093711885,0.0168424958336694,0.983463009531335,0
